,Angle-based Outlier Detector (ABOD),Cluster-based Local Outlier Factor,Feature Bagging,Histogram-base Outlier Detection (HBOS),Isolation Forest,K Nearest Neighbors (KNN),Local Outlier Factor (LOF),Minimum Covariance Determinant (MCD),One-class SVM (OCSVM),Principal Component Analysis (PCA),Fixed SPEC Average_6,Fixed SPEC Maximization_6,Fixed SPEC Aom_6,Fixed SPEC Moa_6,Generic SPEC Average_6,Generic SPEC Maximization_6,Generic SPEC Aom_6,Generic SPEC Moa_6,NormalizedCut Average_6,NormalizedCut Maximization_6,NormalizedCut Aom_6,NormalizedCut Moa_6,Lasso Average_6,Lasso Maximization_6,Lasso Aom_6,Lasso Moa_6,WKMeans Average_6,WKMeans Maximization_6,WKMeans Aom_6,WKMeans Moa_6
0,-0.7687,-0.7684,-0.7799,-0.8511,-0.8527,-0.782,-0.7787,-0.8228,-0.7986,-0.8,-0.8294,-0.8245,-0.8315,-0.8296,-0.788,-0.774,-0.8004,-0.7967,-0.8294,-0.8245,-0.8235,-0.8231,-0.8333,-0.8249,-0.8315,-0.835,-0.8294,-0.8245,-0.8322,-0.8249
1,-0.5763,-0.8221,-0.4879,-0.8453,-0.9414,-0.6959,-0.4715,-0.8778,-0.9507,-0.9638,-0.7397,-0.7955,-0.7867,-0.7863,-0.9276,-0.945,-0.9524,-0.9506,-0.8423,-0.9051,-0.9022,-0.9207,-0.921,-0.931,-0.9332,-0.9194,-0.8168,-0.9086,-0.8446,-0.8532
2,-0.7104,-0.8506,-0.7043,-0.6524,-0.7195,-0.7805,-0.7774,-0.7165,-0.6189,-0.622,-0.686,-0.6646,-0.7012,-0.6921,-0.7073,-0.689,-0.7439,-0.7256,-0.6921,-0.686,-0.7043,-0.6799,-0.7134,-0.7165,-0.7012,-0.7195,-0.7348,-0.7012,-0.7348,-0.7348
3,-0.9004,-0.8952,-0.8933,-0.5195,-0.8309,-0.9134,-0.8989,-0.9399,-0.8372,-0.7971,-0.8744,-0.7685,-0.8176,-0.767,-0.8824,-0.83,-0.8561,-0.8557,-0.8616,-0.7878,-0.8305,-0.7935,-0.8475,-0.7718,-0.8256,-0.8153,-0.8475,-0.7718,-0.8244,-0.8202
4,-0.8465,-0.7423,-0.866,-0.5728,-0.5778,-0.845,-0.8409,-0.7499,-0.5744,-0.48,-0.7652,-0.776,-0.7755,-0.8021,-0.7652,-0.776,-0.7745,-0.7678,-0.7392,-0.7835,-0.7729,-0.763,-0.7609,-0.8229,-0.7945,-0.778,-0.6942,-0.7004,-0.7016,-0.6899
5,-0.9382,-0.9709,-0.9673,-0.9964,-0.9855,-0.9636,-0.9636,-0.9127,-0.9636,-0.9818,-0.9818,-0.9709,-0.9745,-0.9818,-0.9673,-0.9745,-0.9636,-0.9673,-0.9818,-0.9709,-0.9818,-0.9745,-0.9818,-0.9818,-0.9818,-0.9818,-0.9818,-0.9745,-0.9855,-0.9855
6,-0.7813,-0.8447,-0.7259,-0.5675,-0.7801,-0.8409,-0.7085,-0.863,-0.8417,-0.8396,-0.8154,-0.8091,-0.8103,-0.8196,-0.7622,-0.7514,-0.7559,-0.764,-0.8176,-0.8085,-0.8233,-0.8194,-0.8064,-0.779,-0.8019,-0.7866,-0.8176,-0.8085,-0.8092,-0.7923
7,-0.0809,-1.0,-0.5228,-0.9999,-0.9996,-0.7348,-0.5323,-1.0,-1.0,-1.0,-0.9774,-0.9975,-0.9921,-0.9994,-0.9344,-1.0,-1.0,-1.0,-0.9992,-0.9979,-0.9999,-0.996,-0.9996,-0.9981,-1.0,-1.0,-0.9773,-0.9914,-0.987,-0.9874
8,-0.4428,-0.7852,-0.4641,-0.8822,-0.5764,-0.3824,-0.4584,-0.3486,-0.4972,-0.504,-0.5661,-0.6207,-0.5873,-0.6436,-0.7107,-0.8379,-0.7978,-0.844,-0.6422,-0.7716,-0.6823,-0.6937,-0.6823,-0.7859,-0.7162,-0.7303,-0.6641,-0.7781,-0.7236,-0.7144
9,-0.7008,-0.9609,-0.4687,-0.9294,-0.9422,-0.7602,-0.481,-0.8271,-0.93,-0.9332,-0.9306,-0.918,-0.9276,-0.9275,-0.8618,-0.8771,-0.8762,-0.8594,-0.9449,-0.9281,-0.9353,-0.9455,-0.9449,-0.9281,-0.9385,-0.94,-0.8922,-0.9109,-0.9212,-0.9265
10,-0.6757,-0.684,-0.6446,-0.7169,-0.6604,-0.7252,-0.6604,-0.7047,-0.6423,-0.6639,-0.6967,-0.6968,-0.6925,-0.6885,-0.7008,-0.6855,-0.6969,-0.6909,-0.696,-0.694,-0.6902,-0.7003,-0.6815,-0.689,-0.689,-0.6845,-0.6985,-0.6975,-0.6986,-0.6888
11,-0.5681,-0.7234,-0.557,-0.7393,-0.6843,-0.6781,-0.5551,-0.792,-0.636,-0.5783,-0.6943,-0.7275,-0.7173,-0.7172,-0.7137,-0.732,-0.7285,-0.7109,-0.6943,-0.7275,-0.7229,-0.7032,-0.7169,-0.7442,-0.7317,-0.7345,-0.7064,-0.718,-0.7174,-0.7194
12,-0.86,-0.9987,-0.4971,-0.9837,-0.9962,-0.9505,-0.5006,-0.9946,-0.9976,-0.9841,-0.9812,-0.9945,-0.9898,-0.9809,-0.9988,-0.9967,-0.9983,-0.9984,-0.9815,-0.9917,-0.9886,-0.9792,-0.9908,-0.9939,-0.991,-0.9961,-0.9937,-0.9935,-0.9938,-0.9932
13,-0.6186,-0.6287,-0.5211,-0.9851,-0.997,-0.645,-0.5347,-0.9903,-0.9922,-0.9902,-0.9845,-0.9952,-0.9948,-0.9947,-0.9959,-0.9968,-0.9963,-0.9966,-0.9954,-0.9853,-0.9958,-0.993,-0.9938,-0.9956,-0.9955,-0.996,-0.9931,-0.9853,-0.9959,-0.9817
14,-0.2797,-0.3908,-0.3027,-0.2695,-0.3576,-0.318,-0.318,-0.3308,-0.4087,-0.3397,-0.3206,-0.258,-0.3091,-0.3321,-0.2784,-0.2542,-0.2759,-0.281,-0.3206,-0.258,-0.3142,-0.3295,-0.3206,-0.258,-0.3142,-0.341,-0.3206,-0.258,-0.2912,-0.3269
15,-0.9521,-0.9278,-0.9385,-0.6758,-0.6933,-0.9568,-0.9345,-0.6779,-0.7415,-0.5787,-0.8474,-0.8632,-0.8696,-0.8478,-0.8787,-0.9198,-0.8934,-0.917,-0.8857,-0.8855,-0.893,-0.8658,-0.8369,-0.8958,-0.8693,-0.9014,-0.8851,-0.8926,-0.8922,-0.8333
16,-0.9232,-0.9063,-0.9415,-0.9592,-0.9451,-0.9437,-0.9352,-0.8986,-0.9408,-0.9324,-0.9437,-0.9528,-0.9444,-0.95,-0.9415,-0.9479,-0.9444,-0.9437,-0.9451,-0.9592,-0.9521,-0.9549,-0.9493,-0.9592,-0.9486,-0.9514,-0.9479,-0.9613,-0.9535,-0.9556
